date,level
2018-08-01,1000.0000
2018-08-02,991.3467
2018-08-03,992.5758
2018-08-06,993.3904
2018-08-07,998.7096
2018-08-08,990.4242
2018-08-09,997.5798
2018-08-10,983.5606
2018-08-13,988.8973
2018-08-14,987.7179
2018-08-15,980.9009
2018-08-16,978.2880
2018-08-17,975.7043
2018-08-20,983.2219
2018-08-21,991.5599
2018-08-22,993.8516
2018-08-23,977.8355
2018-08-24,986.3662
2018-08-27,1000.7182
2018-08-28,1002.1662
2018-08-29,1016.0803
2018-08-30,1008.5014
2018-08-31,1014.9622
2018-09-03,1015.0615
2018-09-04,1010.8633
2018-09-05,1004.3529
2018-09-06,1004.2274
2018-09-07,1004.7324
2018-09-10,1010.8049
2018-09-11,1010.5188
2018-09-12,1012.8719
2018-09-13,1020.0946
2018-09-14,1021.3675
2018-09-17,1027.2035
2018-09-18,1039.6812
2018-09-19,1040.4753
2018-09-20,1038.9484
2018-09-21,1050.1620
2018-09-24,1052.2290
2018-09-25,1058.3832
2018-09-26,1051.0525
2018-09-27,1071.5237
2018-09-28,1075.0912
2018-10-01,1073.7278
2018-10-02,1063.9477
2018-10-03,1083.1489
2018-10-04,1070.6040
2018-10-05,1064.4673
2018-10-08,1067.9152
2018-10-09,1063.8951
2018-10-10,1052.5151
2018-10-11,1032.9548
2018-10-12,1050.2321
2018-10-15,1044.1275
2018-10-16,1056.4564
2018-10-17,1054.1500
2018-10-18,1039.8126
2018-10-19,1025.0226
2018-10-22,1009.1846
2018-10-23,1007.8825
2018-10-24,1021.3967
2018-10-25,1019.2538
2018-10-26,1002.4786
2018-10-29,1012.9011
2018-10-30,1005.4360
2018-10-31,1028.4851
2018-11-01,1031.3812
2018-11-02,1039.5206
2018-11-06,1054.5412
2018-11-07,1068.9779
2018-11-08,1066.0409
2018-11-09,1050.6759
2018-11-12,1046.4514
2018-11-13,1038.2040
2018-11-14,1039.7980
2018-11-15,1041.0504
2018-11-16,1037.2113
2018-11-19,1037.6960
2018-11-20,1023.6300
2018-11-21,1030.7856
2018-11-22,1035.8392
2018-11-23,1024.2285
2018-11-26,1009.1583
2018-11-27,1022.3659
2018-11-28,1040.9044
2018-11-29,1048.5301
2018-11-30,1045.8792
2018-12-03,1067.8276
2018-12-04,1068.7852
2018-12-05,1069.7370
2018-12-06,1055.1952
2018-12-07,1063.4981
2018-12-10,1048.4279
2018-12-11,1047.3010
2018-12-12,1036.8406
2018-12-13,1040.4052
2018-12-14,1034.8028
2018-12-17,1032.3709
2018-12-18,1028.5026
2018-12-19,1032.1315
2018-12-20,1033.1796
2018-12-21,1030.6718
2018-12-24,1019.7384
2018-12-25,1006.0491
2018-12-26,1013.9491
2018-12-27,1022.2754
2018-12-28,1035.7516
2018-12-29,1040.5074
2019-01-03,1043.2634
2019-01-04,1056.8330
2019-01-08,1051.7064
2019-01-09,1062.4617
2019-01-10,1071.4624
2019-01-11,1075.9963
2019-01-14,1074.1045
2019-01-15,1073.8388
2019-01-16,1071.6609
2019-01-17,1077.4005
2019-01-18,1088.8331
2019-01-21,1086.4742
2019-01-22,1086.6844
2019-01-23,1096.7039
2019-01-24,1092.8386
2019-01-25,1099.6701
2019-01-28,1090.2403
2019-01-29,1099.7227
2019-01-30,1105.6696
2019-01-31,1109.7364
2019-02-01,1110.2152
2019-02-04,1111.0180
2019-02-05,1121.4726
2019-02-06,1118.1532
2019-02-07,1105.0156
2019-02-08,1101.9035
2019-02-11,1105.1616
2019-02-12,1115.3330
2019-02-13,1094.3917
2019-02-14,1083.4117
2019-02-15,1096.3302
2019-02-18,1088.5149
2019-02-19,1082.4132
2019-02-20,1095.2997
2019-02-21,1087.5544
2019-02-22,1095.6559
2019-02-25,1098.2980
2019-02-26,1098.0294
2019-02-27,1096.5463
2019-02-28,1094.1757
2019-03-01,1090.9818
2019-03-04,1089.1221
2019-03-05,1085.7939
2019-03-06,1098.0381
2019-03-07,1090.3775
2019-03-11,1085.6655
2019-03-12,1086.6844
2019-03-13,1087.7237
2019-03-14,1082.0775
2019-03-15,1090.4184
2019-03-18,1093.4867
2019-03-19,1097.7024
2019-03-20,1102.5253
2019-03-21,1104.1018
2019-03-22,1097.4484
2019-03-25,1099.6000
2019-03-26,1106.2214
2019-03-27,1095.1508
2019-03-28,1097.3170
2019-03-29,1099.3840
2019-04-01,1110.0166
2019-04-02,1112.8894
2019-04-03,1114.8921
2019-04-04,1116.2905
2019-04-05,1118.7079
2019-04-08,1127.1100
2019-04-09,1131.6031
2019-04-10,1135.2582
2019-04-11,1123.3147
2019-04-12,1126.9553
2019-04-15,1120.5267
2019-04-16,1127.0079
2019-04-17,1130.7156
2019-04-18,1127.4312
2019-04-19,1128.7946
2019-04-22,1137.9704
2019-04-23,1139.1761
2019-04-24,1135.4655
2019-04-25,1127.4925
2019-04-26,1128.7157
2019-04-29,1131.4045
2019-04-30,1126.7772
2019-05-02,1133.7781
2019-05-03,1137.6230
2019-05-06,1137.6142
2019-05-07,1131.1535
2019-05-08,1122.3951
2019-05-10,1109.3539
2019-05-13,1107.6957
2019-05-14,1131.2994
2019-05-15,1128.1348
2019-05-16,1139.8914
2019-05-17,1138.2886
2019-05-20,1135.7137
2019-05-21,1155.5338
2019-05-22,1165.3286
2019-05-23,1156.4534
2019-05-24,1157.8373
2019-05-27,1163.8981
2019-05-28,1153.6566
2019-05-29,1167.5240
2019-05-30,1176.2181
2019-05-31,1179.0529
2019-06-03,1207.6285
2019-06-04,1197.1711
2019-06-05,1195.2033
2019-06-06,1207.0008
2019-06-07,1207.7628
2019-06-10,1213.7506
2019-06-11,1228.9931
2019-06-13,1233.1329
2019-06-14,1225.9043
2019-06-17,1224.2665
2019-06-18,1237.2201
2019-06-19,1236.3297
2019-06-20,1249.3095
2019-06-21,1241.1906
2019-06-24,1241.9467
2019-06-25,1238.0405
2019-06-26,1247.5608
2019-06-27,1249.5927
2019-06-28,1243.3860
2019-07-01,1259.3992
2019-07-02,1263.1478
2019-07-03,1269.7224
2019-07-04,1280.8367
2019-07-05,1277.4881
2019-07-08,1278.2822
2019-07-09,1278.5800
2019-07-10,1278.6209
2019-07-11,1263.6324
2019-07-12,1259.2532
2019-07-15,1250.0628
2019-07-16,1249.8088
2019-07-17,1247.8381
2019-07-18,1243.5466
2019-07-19,1242.6152
2019-07-22,1235.1064
2019-07-23,1242.8400
2019-07-24,1234.4904
2019-07-25,1242.8225
2019-07-26,1249.5694
2019-07-29,1255.3616
2019-07-30,1258.3102
2019-07-31,1260.5290
2019-08-01,1255.8900
2019-08-02,1230.8031
2019-08-05,1218.9618
2019-08-06,1234.6919
2019-08-07,1230.8411
2019-08-08,1240.8315
2019-08-09,1233.0190
2019-08-12,1237.7193
2019-08-13,1233.2059
2019-08-14,1213.3828
2019-08-15,1208.1102
2019-08-16,1203.3340
2019-08-19,1218.4685
2019-08-20,1229.8572
2019-08-21,1230.3681
2019-08-22,1230.9112
2019-08-23,1224.2898
2019-08-26,1223.1396
2019-08-27,1223.6505
2019-08-28,1231.9125
2019-08-29,1248.9096
2019-08-30,1260.7772
2019-09-02,1275.9466
2019-09-03,1276.4955
2019-09-04,1285.3122
2019-09-05,1291.8752
2019-09-06,1287.4960
2019-09-09,1282.4716
2019-09-10,1282.8803
2019-09-11,1296.4704
2019-09-12,1288.6200
2019-09-13,1284.8247
2019-09-16,1304.9018
2019-09-17,1298.7067
2019-09-18,1297.6644
2019-09-19,1286.6931
2019-09-20,1287.4493
2019-09-23,1282.4074
2019-09-24,1268.1692
2019-09-25,1270.8201
2019-09-26,1279.7653
2019-09-27,1272.9688
2019-09-30,1267.9853
2019-10-01,1273.3629
2019-10-02,1255.1572
2019-10-03,1249.6570
2019-10-04,1246.5536
2019-10-07,1258.9029
2019-10-08,1253.6566
2019-10-09,1257.3994
2019-10-10,1263.1682
2019-10-11,1258.7219
2019-10-14,1254.0975
2019-10-15,1262.3741
2019-10-16,1275.8970
2019-10-17,1277.8910
2019-10-18,1279.8762
2019-10-21,1283.7095
2019-10-22,1302.8085
2019-10-23,1311.8033
2019-10-24,1337.5938
2019-10-25,1335.9005
2019-10-28,1328.2282
2019-10-29,1341.9759
2019-10-30,1353.4464
2019-10-31,1345.4646
2019-11-01,1362.3945
2019-11-05,1371.2989
2019-11-06,1385.8465
2019-11-07,1398.7242
2019-11-08,1382.2906
2019-11-11,1376.8371
2019-11-12,1372.0462
2019-11-13,1364.0178
2019-11-14,1358.6985
2019-11-15,1364.4498
2019-11-18,1359.6444
2019-11-19,1367.6437
2019-11-20,1365.2176
2019-11-21,1368.0670
2019-11-22,1370.4289
2019-11-25,1373.9818
2019-11-26,1362.4967
2019-11-27,1361.7669
2019-11-28,1361.0808
2019-11-29,1364.7067
2019-12-02,1358.5846
2019-12-03,1341.0504
2019-12-04,1349.0410
2019-12-05,1348.4016
2019-12-06,1362.1084
2019-12-09,1369.6756
2019-12-10,1363.8017
2019-12-11,1374.0344
2019-12-12,1387.3850
2019-12-13,1393.8954
2019-12-16,1398.4585
2019-12-17,1401.7750
2019-12-18,1406.7206
2019-12-19,1404.8171
2019-12-20,1408.3380
2019-12-23,1416.6876
2019-12-24,1415.1841
2019-12-25,1415.2979
2019-12-26,1418.2583
2019-12-27,1428.9639
2019-12-30,1426.8093
2020-01-03,1441.0971
2020-01-06,1442.2678
2020-01-08,1457.2651
2020-01-09,1461.0224
2020-01-10,1463.8484
2020-01-13,1476.9860
2020-01-14,1467.0248
2020-01-15,1468.3648
2020-01-16,1479.8937
2020-01-17,1498.4790
2020-01-20,1509.2809
2020-01-21,1504.2653
2020-01-22,1488.0478
2020-01-23,1472.3820
2020-01-24,1474.7263
2020-01-27,1446.1127
2020-01-28,1459.2094
2020-01-29,1466.5694
2020-01-30,1457.0899
2020-01-31,1443.3801
2020-02-03,1440.8169
2020-02-04,1453.3734
2020-02-05,1461.1859
2020-02-06,1452.9413
2020-02-07,1448.6965
2020-02-10,1436.8639
2020-02-11,1453.3647
2020-02-12,1464.9491
2020-02-13,1459.4984
2020-02-14,1453.3180
2020-02-17,1459.5043
2020-02-18,1442.6036
2020-02-19,1461.6209
2020-02-20,1466.5606
2020-02-21,1457.6125
2020-02-25,1409.1116
2020-02-26,1416.0307
2020-02-27,1368.3590
2020-02-28,1306.9950
2020-03-02,1297.9330
2020-03-03,1324.0271
2020-03-04,1327.1421
2020-03-05,1321.8346
2020-03-06,1276.2240
2020-03-10,1172.7148
2020-03-11,1169.8713
2020-03-12,1072.9717
2020-03-13,1087.0406
2020-03-16,1063.8221
2020-03-17,1044.0370
2020-03-18,991.4285
2020-03-19,1067.9503
2020-03-20,1095.2646
2020-03-23,1058.5029
2020-03-24,1134.8933
2020-03-25,1152.1414
2020-03-26,1169.8216
2020-03-27,1128.0735
2020-03-30,1143.2225
2020-03-31,1178.6734
2020-04-01,1162.1347
2020-04-02,1196.1230
2020-04-03,1208.4693
2020-04-06,1232.1286
2020-04-07,1237.8361
2020-04-08,1254.4595
2020-04-09,1269.3282
2020-04-10,1258.0942
2020-04-13,1235.0685
2020-04-14,1236.4698
2020-04-15,1174.0373
2020-04-16,1181.6045
2020-04-17,1190.9643
2020-04-20,1186.7340
2020-04-21,1168.9049
2020-04-22,1209.0240
2020-04-23,1221.2390
2020-04-24,1203.6756
2020-04-27,1207.8475
2020-04-28,1227.2648
2020-04-29,1251.1809
2020-04-30,1245.2690
2020-05-04,1233.0920
2020-05-05,1246.6558
2020-05-06,1236.5953
2020-05-07,1239.1294
2020-05-08,1242.8108
2020-05-12,1243.0415
2020-05-13,1225.6065
2020-05-14,1219.8552
2020-05-15,1221.5514
2020-05-18,1268.8027
2020-05-19,1277.0327
2020-05-20,1304.8492
2020-05-21,1280.3054
2020-05-22,1278.2647
2020-05-25,1301.1707
2020-05-26,1299.3344
2020-05-27,1293.1918
2020-05-28,1313.1521
2020-05-29,1292.5145
2020-06-01,1299.8569
2020-06-02,1321.7236
2020-06-03,1338.0638
2020-06-04,1307.4271
2020-06-05,1319.9428
2020-06-08,1321.9864
2020-06-09,1321.7966
2020-06-10,1316.7285
2020-06-11,1299.3081
2020-06-15,1288.5090
2020-06-16,1302.6392
2020-06-17,1298.7534
2020-06-18,1292.4386
2020-06-19,1308.8372
2020-06-22,1311.0297
2020-06-23,1324.6373
2020-06-25,1309.8240
2020-06-26,1310.2940
2020-06-29,1313.2543
2020-06-30,1301.5123
2020-07-02,1323.1425
2020-07-03,1329.4923
2020-07-06,1345.4004
2020-07-07,1340.6680
2020-07-08,1338.0113
2020-07-09,1331.6907
2020-07-10,1341.5496
2020-07-13,1325.1949
2020-07-14,1314.5360
2020-07-15,1329.2150
2020-07-16,1335.0685
2020-07-17,1343.3305
2020-07-20,1356.6199
2020-07-21,1367.9824
2020-07-22,1372.3090
2020-07-23,1380.6090
2020-07-24,1386.0917
2020-07-27,1396.6280
2020-07-28,1401.7458
2020-07-29,1412.8660
2020-07-30,1395.5391
2020-07-31,1409.5495
2020-08-03,1418.4568
2020-08-04,1423.5337
2020-08-05,1448.8629
2020-08-06,1446.7930
2020-08-07,1438.9747
2020-08-10,1433.3723
2020-08-11,1455.0842
2020-08-12,1478.4982
2020-08-13,1491.3030
2020-08-14,1482.3694
2020-08-17,1477.7567
2020-08-18,1476.9042
2020-08-19,1479.7302
2020-08-20,1449.8292
2020-08-21,1450.7576
2020-08-24,1467.1328
2020-08-25,1466.9547
2020-08-26,1478.0545
2020-08-27,1459.3846
2020-08-28,1443.9582
2020-08-31,1437.1880
2020-09-01,1441.4504
2020-09-02,1432.4877
2020-09-03,1421.2011
2020-09-04,1416.1738
2020-09-07,1421.6361
2020-09-08,1400.5459
2020-09-09,1394.3801
2020-09-10,1404.7937
2020-09-11,1411.0764
2020-09-14,1419.7413
2020-09-15,1445.0501
2020-09-16,1442.3496
2020-09-17,1440.7643
2020-09-18,1431.0922
2020-09-21,1388.4302
2020-09-22,1398.6074
2020-09-23,1413.9929
2020-09-24,1412.2325
2020-09-25,1404.5076
2020-09-28,1419.4348
2020-09-29,1411.1669
2020-09-30,1409.0766
2020-10-01,1401.3138
2020-10-02,1399.1212
2020-10-05,1413.6222
2020-10-06,1419.0232
2020-10-07,1394.2954
2020-10-08,1396.4208
2020-10-09,1393.0692
2020-10-12,1398.9928
2020-10-13,1390.6811
2020-10-14,1403.9734
2020-10-15,1384.9064
2020-10-16,1376.1802
2020-10-19,1374.7847
2020-10-20,1379.1113
2020-10-21,1370.8318
2020-10-22,1379.1639
2020-10-23,1385.8202
2020-10-26,1370.5165
2020-10-27,1359.4167
2020-10-28,1325.1861
2020-10-29,1332.8526
2020-10-30,1323.7760
2020-11-02,1346.8747
2020-11-03,1370.9252
2020-11-05,1407.8095
2020-11-06,1424.6519
2020-11-09,1469.9793
2020-11-10,1475.3219
2020-11-11,1483.4000
2020-11-12,1488.7134
2020-11-13,1488.4098
2020-11-16,1515.2366
2020-11-17,1501.6962
2020-11-18,1515.6979
2020-11-19,1498.8760
2020-11-20,1501.1152
2020-11-23,1499.1563
2020-11-24,1523.1571
2020-11-25,1542.3642
2020-11-26,1544.3815
2020-11-27,1546.3784
2020-11-30,1529.1069
2020-12-01,1548.9592
2020-12-02,1569.5384
2020-12-03,1556.2812
2020-12-04,1567.1328
2020-12-07,1572.7878
2020-12-08,1565.1739
2020-12-09,1580.9506
2020-12-10,1603.9150
2020-12-11,1612.9098
2020-12-14,1602.2042
2020-12-15,1598.8964
2020-12-16,1609.6459
2020-12-17,1618.0539
2020-12-18,1613.6572
2020-12-21,1570.5924
2020-12-22,1595.2763
2020-12-23,1605.8243
2020-12-24,1598.6454
2020-12-25,1603.6376
2020-12-28,1610.4808
2020-12-29,1618.2495
2020-12-30,1625.3408
2021-01-04,1655.7265
2021-01-05,1659.9947
2021-01-06,1667.3693
2021-01-08,1708.8138
2021-01-11,1722.4944
2021-01-12,1717.1372
2021-01-13,1716.8131
2021-01-14,1726.9991
2021-01-15,1707.2607
2021-01-18,1717.6364
2021-01-19,1703.4420
2021-01-20,1715.1023
2021-01-21,1693.2707
2021-01-22,1673.6052
2021-01-25,1680.8075
2021-01-26,1677.4823
2021-01-27,1654.1617
2021-01-28,1653.3647
2021-01-29,1621.2419
2021-02-01,1628.1990
2021-02-02,1662.3887
2021-02-03,1654.0829
2021-02-04,1668.2013
2021-02-05,1678.4574
2021-02-08,1704.7616
2021-02-09,1695.3435
2021-02-10,1681.8877
2021-02-11,1689.1396
2021-02-12,1695.4515
2021-02-15,1722.5732
2021-02-16,1729.1828
2021-02-17,1700.2628
2021-02-18,1682.1417
2021-02-19,1710.5918
2021-02-20,1704.9718
2021-02-22,1698.8410
2021-02-24,1674.8723
2021-02-25,1686.8829
2021-02-26,1655.6564
2021-03-01,1675.2080
2021-03-02,1687.0522
2021-03-03,1689.9921
2021-03-04,1680.8484
2021-03-05,1689.0462
2021-03-09,1720.9996
2021-03-10,1713.2514
2021-03-11,1735.7370
2021-03-12,1751.0671
2021-03-15,1773.3250
2021-03-16,1775.9671
2021-03-17,1735.4392
2021-03-18,1733.9240
2021-03-19,1719.2859
2021-03-22,1726.1174
2021-03-23,1715.3038
2021-03-24,1724.2694
2021-03-25,1701.6699
2021-03-26,1726.6721
2021-03-29,1746.2149
2021-03-30,1744.1859
2021-03-31,1752.3458
2021-04-01,1745.3303
2021-04-02,1760.5086
2021-04-05,1744.0370
2021-04-06,1728.6807
2021-04-07,1731.8717
2021-04-08,1735.5764
2021-04-09,1724.7891
2021-04-12,1742.9072
2021-04-13,1744.7143
2021-04-14,1769.7457
2021-04-15,1765.6001
2021-04-16,1780.4076
2021-04-19,1768.3561
2021-04-20,1757.6329
2021-04-21,1762.2398
2021-04-22,1781.3535
2021-04-23,1779.7799
2021-04-26,1786.6727
2021-04-27,1781.5374
2021-04-28,1770.6566
2021-04-29,1767.1591
2021-04-30,1753.7734
2021-05-04,1770.2070
2021-05-05,1803.0421
2021-05-06,1813.5579
2021-05-07,1825.6649
2021-05-10,1832.5782
2021-05-11,1826.4824
2021-05-12,1827.5275
2021-05-13,1820.3077
2021-05-14,1820.8799
2021-05-17,1821.8871
2021-05-18,1846.0894
2021-05-19,1819.4581
2021-05-20,1820.1588
2021-05-21,1832.3329
2021-05-24,1833.3489
2021-05-25,1845.4880
2021-05-26,1857.6475
2021-05-27,1872.5338
2021-05-28,1868.4612
2021-05-31,1870.0026
2021-06-01,1891.5891
2021-06-02,1918.2641
2021-06-03,1912.1186
2021-06-04,1914.2411
2021-06-07,1921.6711
2021-06-08,1914.2411
2021-06-09,1932.3475
2021-06-10,1924.5205
2021-06-11,1931.4688
2021-06-14,1940.8461
2021-06-15,1921.8521
2021-06-16,1925.9306
2021-06-17,1920.5997
2021-06-18,1912.4923
2021-06-21,1917.7736
2021-06-22,1922.7455
2021-06-23,1930.5287
2021-06-24,1924.9818
2021-06-25,1929.2120
2021-06-28,1926.0561
2021-06-29,1908.5744
2021-06-30,1934.2510
2021-07-01,1944.5917
2021-07-02,1954.7018
2021-07-05,1963.3842
2021-07-06,1964.2484
2021-07-07,1971.6258
2021-07-08,1956.0914
2021-07-09,1953.5778
2021-07-12,1963.8630
2021-07-13,1964.5812
2021-07-14,1954.3222
2021-07-15,1937.9266
2021-07-16,1923.1805
2021-07-19,1887.8668
2021-07-20,1893.4779
2021-07-21,1902.9662
2021-07-22,1919.0582
2021-07-23,1908.8868
2021-07-26,1916.8394
2021-07-27,1908.1511
2021-07-28,1933.2905
2021-07-29,1944.5625
2021-07-30,1927.8224
2021-08-02,1936.2654
2021-08-03,1939.1236
2021-08-04,1947.7768
2021-08-05,1959.6006
2021-08-06,1945.0880
2021-08-09,1960.2954
2021-08-10,1974.2037
2021-08-11,1981.8965
2021-08-12,1987.7704
2021-08-13,1979.6631
2021-08-16,1991.0665
2021-08-17,2015.4468
2021-08-18,2006.3294
2021-08-19,1969.9413
2021-08-20,1959.0634
2021-08-23,1984.7780
2021-08-24,1987.7733
2021-08-25,1986.6347
2021-08-26,1968.7093
2021-08-27,1987.0143
2021-08-30,2008.0314
2021-08-31,2003.1559
2021-09-01,2031.1214
2021-09-02,2041.2227
2021-09-03,2046.8134
2021-09-06,2062.0880
2021-09-07,2052.8275
2021-09-08,2056.5177
2021-09-09,2045.2924
2021-09-10,2049.9518
2021-09-13,2069.6698
2021-09-14,2077.1173
2021-09-15,2082.1505
2021-09-16,2071.6872
2021-09-17,2066.6015
2021-09-20,2033.0248
2021-09-21,2033.4715
2021-09-22,2064.4557
2021-09-23,2075.9846
2021-09-24,2069.5238
2021-09-27,2091.5540
2021-09-28,2083.4759
2021-09-29,2079.8412
2021-09-30,2102.9808
2021-10-01,2094.5085
2021-10-04,2107.6957
2021-10-05,2164.6484
2021-10-06,2137.9266
2021-10-07,2166.7854
2021-10-08,2176.0109
2021-10-11,2199.5387
2021-10-12,2191.2796
2021-10-13,2181.0615
2021-10-14,2188.8769
2021-10-15,2190.2607
2021-10-18,2185.2860
2021-10-19,2199.6526
2021-10-20,2205.4448
2021-10-21,2170.0085
2021-10-22,2158.8620
2021-10-25,2188.7076
2021-10-26,2178.8778
2021-10-27,2175.6167
2021-10-28,2155.1076
2021-10-29,2134.7064
2021-11-01,2171.4799
2021-11-02,2164.2980
2021-11-03,2152.6406
2021-11-05,2147.4411
2021-11-08,2169.8216
2021-11-09,2153.9077
2021-11-10,2146.2646
2021-11-11,2154.9470
2021-11-12,2120.1267
2021-11-15,2127.0604
2021-11-16,2119.2830
2021-11-17,2134.2014
2021-11-18,2105.8214
2021-11-19,2066.0176
2021-11-22,1992.1000
2021-11-23,2037.1384
2021-11-24,2032.1140
2021-11-25,2030.7039
2021-11-26,1960.3159
2021-11-29,1995.5829
2021-11-30,2001.2670
2021-12-01,2036.6041
2021-12-02,2030.5608
2021-12-03,2012.8252
2021-12-06,1961.3581
2021-12-07,1993.8400
2021-12-08,1942.5744
2021-12-09,1963.0018
2021-12-10,1935.6874
2021-12-13,1864.0411
2021-12-14,1864.5987
2021-12-15,1865.8512
2021-12-16,1932.8030
2021-12-17,1919.5282
2021-12-20,1901.8305
2021-12-21,1914.2557
2021-12-22,1942.1073
2021-12-23,1920.5004
2021-12-24,1919.5253
2021-12-27,1939.1791
2021-12-28,1958.3248
2021-12-29,1941.2402
2021-12-30,1965.2089
2022-01-03,1999.0629
2022-01-04,2009.9553
2022-01-05,1979.6310
2022-01-06,1948.3520
2022-01-10,1940.7672
2022-01-11,1964.9637
2022-01-12,1988.6900
2022-01-13,1915.3943
2022-01-14,1874.8694
2022-01-17,1855.7761
2022-01-18,1735.1560
2022-01-19,1791.3876
2022-01-20,1832.6687
2022-01-21,1792.8298
2022-01-24,1686.5034
2022-01-25,1698.7330
2022-01-26,1750.2992
2022-01-27,1801.5269
2022-01-28,1818.5560
2022-01-31,1840.3352
2022-02-01,1849.6103
2022-02-02,1847.3331
2022-02-03,1809.4765
2022-02-04,1809.3890
2022-02-07,1809.2693
2022-02-08,1851.4262
2022-02-09,1896.9229
2022-02-10,1905.6959
2022-02-11,1848.8016
2022-02-14,1814.7929
2022-02-15,1876.7787
2022-02-16,1900.8204
2022-02-17,1830.2747
2022-02-18,1768.8816
2022-02-21,1583.0789
2022-02-22,1608.0285
2022-02-24,1072.8666
2022-02-25,1287.8230
2022-03-25,1294.9377
2022-03-28,1267.0861
2022-03-29,1255.5075
2022-03-30,1310.0020
2022-03-31,1409.2955
2022-04-01,1438.5543
2022-04-04,1453.1749
2022-04-05,1388.0653
2022-04-06,1361.2910
2022-04-07,1373.7804
2022-04-08,1351.5371
2022-04-11,1333.0015
2022-04-12,1324.5730
2022-04-13,1318.0218
2022-04-14,1253.5457
2022-04-15,1264.1083
2022-04-18,1221.1748
2022-04-19,1208.0548
2022-04-20,1214.9710
2022-04-21,1183.8613
2022-04-22,1163.6236
2022-04-25,1139.6403
2022-04-26,1208.5744
2022-04-27,1263.7375
2022-04-28,1242.5627
2022-04-29,1274.6270
2022-05-04,1239.6491
2022-05-05,1256.1761
2022-05-06,1250.0277
2022-05-11,1246.9506
2022-05-12,1200.3299
2022-05-13,1205.3484
2022-05-16,1235.1765
2022-05-17,1266.2570
2022-05-18,1277.3305
2022-05-19,1272.7703
2022-05-20,1239.6987
2022-05-23,1202.3969
2022-05-24,1198.0965
2022-05-25,1222.4185
2022-05-26,1260.4881
2022-05-27,1257.6300
2022-05-30,1253.8697
2022-05-31,1230.5521
2022-06-01,1240.3994
2022-06-02,1222.4156
2022-06-03,1205.6258
2022-06-06,1192.1116
2022-06-07,1197.0543
2022-06-08,1211.2778
2022-06-09,1199.0424
2022-06-10,1194.6165
2022-06-14,1196.8266
2022-06-15,1212.0953
2022-06-16,1238.6419
2022-06-17,1230.4003
2022-06-20,1256.7542
2022-06-21,1232.9256
2022-06-22,1240.6154
2022-06-23,1256.8301
2022-06-24,1250.0190
2022-06-27,1263.3726
2022-06-28,1259.0284
2022-06-29,1243.2429
2022-06-30,1152.4509
2022-07-01,1153.3705
2022-07-04,1152.3516
2022-07-05,1163.8397
2022-07-06,1161.3523
2022-07-07,1165.6760
2022-07-08,1166.1344
2022-07-11,1137.2902
2022-07-12,1122.2637
2022-07-13,1090.6578
2022-07-14,1085.1984
2022-07-15,1109.5087
2022-07-18,1102.6187
2022-07-19,1093.6210
2022-07-20,1095.7113
2022-07-21,1084.3079
2022-07-22,1107.0709
2022-07-25,1124.0767
2022-07-26,1157.5833
2022-07-27,1159.5889
2022-07-28,1155.8608
2022-07-29,1168.8757
2022-08-01,1151.0729
2022-08-02,1128.4793
2022-08-03,1121.4142
2022-08-04,1117.5401
2022-08-05,1084.6524
2022-08-08,1102.6625
2022-08-09,1128.2165
2022-08-10,1135.9793
2022-08-11,1126.2692
2022-08-12,1133.7781
2022-08-15,1143.1699
2022-08-16,1165.9855
2022-08-17,1155.5484
2022-08-18,1158.5846
2022-08-19,1159.0342
2022-08-22,1176.4313
2022-08-23,1193.3115
2022-08-24,1187.0493
2022-08-25,1186.0567
2022-08-26,1197.9622
2022-08-29,1212.4515
2022-08-30,1217.8846
2022-08-31,1267.2321
2022-09-01,1291.3555
2022-09-02,1304.9134
2022-09-05,1313.8849
2022-09-06,1280.5623
2022-09-07,1268.0174
2022-09-08,1262.0500
2022-09-09,1280.9477
2022-09-12,1293.4020
2022-09-13,1291.9452
2022-09-14,1286.1384
2022-09-15,1291.7876
2022-09-16,1285.7618
2022-09-19,1283.3124
2022-09-20,1169.8625
2022-09-21,1125.0051
2022-09-22,1156.7688
2022-09-23,1103.4420
2022-09-26,1020.8011
2022-09-27,1031.4191
2022-09-28,1036.9106
2022-09-29,1031.5826
2022-09-30,1035.8976
2022-10-03,1080.6995
2022-10-04,1083.0613
2022-10-05,1074.3088
2022-10-06,1072.0667
2022-10-07,1031.8074
2022-10-10,1052.9822
2022-10-11,1070.8288
2022-10-12,1072.0316
2022-10-13,1073.9818
2022-10-14,1071.6638
2022-10-17,1105.6491
2022-10-18,1116.3869
2022-10-19,1087.0522
2022-10-20,1112.9361
2022-10-21,1122.9352
2022-10-24,1134.0554
2022-10-25,1170.7033
2022-10-26,1165.1709
2022-10-27,1189.3790
2022-10-28,1191.0606
2022-10-31,1190.4621
2022-11-01,1194.7158
2022-11-02,1194.4355
2022-11-03,1184.5882
2022-11-07,1213.6338
2022-11-08,1212.7668
2022-11-09,1190.4359
2022-11-10,1214.3141
2022-11-11,1218.3896
2022-11-14,1233.4073
2022-11-15,1221.5893
2022-11-16,1223.7497
2022-11-17,1215.9139
2022-11-18,1212.2821
2022-11-21,1190.2987
2022-11-22,1206.6330
2022-11-23,1215.3417
2022-11-24,1214.8250
2022-11-25,1206.1542
2022-11-28,1196.4178
2022-11-29,1200.7415
2022-11-30,1194.8121
2022-12-01,1201.8247
2022-12-02,1198.0615
2022-12-05,1213.3594
2022-12-06,1206.7439
2022-12-07,1204.8988
2022-12-08,1200.2569
2022-12-09,1196.6426
2022-12-12,1194.0648
2022-12-13,1194.7362
2022-12-14,1186.7311
2022-12-15,1168.5925
2022-12-16,1171.8623
2022-12-19,1170.3413
2022-12-20,1183.4701
2022-12-21,1181.6600
2022-12-22,1185.4465
2022-12-23,1186.0655
2022-12-26,1209.0883
2022-12-27,1215.7067
2022-12-28,1209.4036
2022-12-29,1213.5229
2022-12-30,1217.5138
2023-01-03,1228.0034
2023-01-04,1225.5948
2023-01-05,1218.9531
2023-01-06,1218.7954
2023-01-09,1223.3994
2023-01-10,1221.1427
2023-01-11,1239.0769
2023-01-12,1238.4813
2023-01-13,1246.4193
2023-01-16,1260.5611
2023-01-17,1244.6618
2023-01-18,1244.3319
2023-01-19,1228.7916
2023-01-20,1227.5801
2023-01-23,1238.1310
2023-01-24,1231.0163
2023-01-25,1229.5419
2023-01-26,1227.7114
2023-01-27,1240.4198
2023-01-30,1248.9534
2023-01-31,1260.9582
2023-02-01,1263.5360
2023-02-02,1271.1237
2023-02-03,1273.8213
2023-02-06,1287.4580
2023-02-07,1284.8072
2023-02-08,1275.8999
2023-02-09,1281.8381
2023-02-10,1281.3447
2023-02-13,1282.8687
2023-02-14,1264.7155
2023-02-15,1227.4516
2023-02-16,1220.3690
2023-02-17,1228.8208
2023-02-20,1237.1442
2023-02-21,1253.4902
2023-02-22,1253.4785
2023-02-24,1251.0028
2023-02-27,1269.7399
2023-02-28,1276.5714
2023-03-01,1291.5803
2023-03-02,1277.2166
2023-03-03,1287.3588
2023-03-06,1299.7781
2023-03-07,1300.6160
2023-03-09,1297.5214
2023-03-10,1289.6505
2023-03-13,1285.8085
2023-03-14,1297.6206
2023-03-15,1281.6162
2023-03-16,1279.4354
2023-03-17,1316.0132
2023-03-20,1358.1555
2023-03-21,1358.7160
2023-03-22,1356.2958
2023-03-23,1353.1632
2023-03-24,1354.9645
2023-03-27,1382.8103
2023-03-28,1383.6657
2023-03-29,1394.2487
2023-03-30,1397.1156
2023-03-31,1388.4711
2023-04-03,1402.6596
2023-04-04,1406.7031
2023-04-05,1418.2437
2023-04-06,1416.8248
2023-04-07,1422.5469
2023-04-10,1444.6413
2023-04-11,1436.8931
2023-04-12,1439.6053
2023-04-13,1442.9014
2023-04-14,1448.8950
2023-04-17,1472.2944
2023-04-18,1483.3591
2023-04-19,1478.2150
2023-04-20,1495.9653
2023-04-21,1497.1565
2023-04-24,1494.5932
2023-04-25,1489.7323
2023-04-26,1486.0304
2023-04-27,1500.6890
2023-04-28,1494.3158
2023-05-02,1466.4905
2023-05-03,1439.1615
2023-05-04,1434.6656
2023-05-05,1442.4693
2023-05-08,1436.4172
2023-05-10,1471.4624
2023-05-11,1498.3038
2023-05-12,1481.0119
2023-05-15,1507.5118
2023-05-16,1520.5821
2023-05-17,1521.0259
2023-05-18,1520.1209
2023-05-19,1516.2234
2023-05-22,1520.3223
2023-05-23,1525.1715
2023-05-24,1532.8672
2023-05-25,1529.9740
2023-05-26,1548.4775
2023-05-29,1578.5479
2023-05-30,1559.3349
2023-05-31,1570.2508
2023-06-01,1572.6126
2023-06-02,1589.1805
2023-06-05,1574.3730
2023-06-06,1566.8409
2023-06-07,1574.6942
2023-06-08,1583.4584
2023-06-09,1582.4950
2023-06-13,1611.2691
2023-06-14,1615.8847
2023-06-15,1636.9603
2023-06-16,1637.3223
2023-06-19,1645.6690
2023-06-20,1639.0156
2023-06-21,1648.1418
2023-06-22,1646.1127
2023-06-23,1633.9707
2023-06-26,1611.7975
2023-06-27,1623.1980
2023-06-28,1628.2399
2023-06-29,1637.3106
2023-06-30,1637.8741
2023-07-03,1635.8596
2023-07-04,1644.2268
2023-07-05,1642.3408
2023-07-06,1650.8890
2023-07-07,1658.4474
2023-07-10,1679.1639
2023-07-11,1681.2630
2023-07-12,1702.7180
2023-07-13,1696.1346
2023-07-14,1706.1805
2023-07-17,1714.9330
2023-07-18,1736.8581
2023-07-19,1733.6876
2023-07-20,1718.4042
2023-07-21,1721.9747
2023-07-24,1730.1784
2023-07-25,1752.4947
2023-07-26,1749.5840
2023-07-27,1759.8517
2023-07-28,1772.0784
2023-07-31,1810.2998
2023-08-01,1822.1616
2023-08-02,1829.7113
2023-08-03,1854.0595
2023-08-04,1821.4521
2023-08-07,1816.5270
2023-08-08,1817.2510
2023-08-09,1825.6211
2023-08-10,1854.6813
2023-08-11,1858.5992
2023-08-14,1844.1626
2023-08-15,1834.8845
2023-08-16,1796.1346
2023-08-17,1801.7663
2023-08-18,1832.5110
2023-08-21,1849.4205
2023-08-22,1863.7462
2023-08-23,1853.1136
2023-08-24,1847.9141
2023-08-25,1859.6707
2023-08-28,1884.0481
2023-08-29,1891.4927
2023-08-30,1892.2693
2023-08-31,1901.2875
2023-09-01,1903.2669
2023-09-04,1925.4255
2023-09-05,1922.7513
2023-09-06,1911.5844
2023-09-07,1866.5839
2023-09-08,1851.1576
2023-09-11,1839.0769
2023-09-12,1864.7272
2023-09-13,1854.3602
2023-09-14,1849.1607
2023-09-15,1856.8417
2023-09-18,1846.6237
2023-09-19,1816.3898
2023-09-20,1807.1439
2023-09-21,1778.3231
2023-09-22,1795.9040
2023-09-25,1793.7378
2023-09-26,1797.5769
2023-09-27,1806.8228
2023-09-28,1830.6542
2023-09-29,1845.4909
2023-10-02,1844.9420
2023-10-03,1851.7444
2023-10-04,1846.0719
2023-10-05,1844.6063
2023-10-06,1852.3399
2023-10-09,1869.4976
2023-10-10,1872.5630
2023-10-11,1887.0931
2023-10-12,1875.5963
2023-10-13,1886.0363
2023-10-16,1911.1173
2023-10-17,1918.4247
2023-10-18,1920.7544
2023-10-19,1924.2723
2023-10-20,1932.6132
2023-10-23,1929.3084
2023-10-24,1930.0937
2023-10-25,1930.2543
2023-10-26,1905.7864
2023-10-27,1905.9586
2023-10-30,1907.6665
2023-10-31,1892.2372
2023-11-01,1895.5186
2023-11-02,1890.0213
2023-11-03,1896.7652
2023-11-06,1912.4194
2023-11-07,1919.0582
2023-11-08,1918.5210
2023-11-09,1915.2629
2023-11-10,1916.5270
2023-11-13,1920.1968
2023-11-14,1898.9870
2023-11-15,1900.5956
2023-11-16,1885.2071
2023-11-17,1895.4106
2023-11-20,1896.0149
2023-11-21,1902.5896
2023-11-22,1909.7831
2023-11-23,1904.1077
2023-11-24,1902.1633
2023-11-27,1886.3749
2023-11-28,1889.5133
2023-11-29,1876.0109
2023-11-30,1871.4419
2023-12-01,1858.8182
2023-12-04,1842.3262
2023-12-05,1851.1517
2023-12-06,1821.6740
2023-12-07,1818.2028
2023-12-08,1821.9660
2023-12-11,1790.1293
2023-12-12,1786.4158
2023-12-13,1793.7086
2023-12-14,1779.8791
2023-12-15,1810.9129
2023-12-18,1836.2041
2023-12-19,1840.6096
2023-12-20,1853.1574
2023-12-21,1834.6013
2023-12-22,1845.9493
2023-12-25,1850.3693
2023-12-26,1854.1646
2023-12-27,1855.8228
2023-12-28,1858.5204
2023-12-29,1856.7950
2024-01-03,1875.4416
2024-01-04,1878.9420
2024-01-05,1879.6164
2024-01-08,1892.9262
2024-01-09,1896.8441
2024-01-10,1902.3443
2024-01-11,1916.2468
2024-01-12,1918.6378
2024-01-15,1918.4334
2024-01-16,1915.1636
2024-01-17,1918.6465
2024-01-18,1914.8045
2024-01-19,1907.2870
2024-01-22,1910.7699
2024-01-23,1912.9332
2024-01-24,1904.9047
2024-01-25,1902.0903
2024-01-26,1905.3864
2024-01-29,1913.4587
2024-01-30,1925.1861
2024-01-31,1936.0961
2024-02-01,1945.5522
2024-02-02,1943.4210
2024-02-05,1943.6867
2024-02-06,1950.6788
2024-02-07,1961.6296
2024-02-08,1952.7341
2024-02-09,1953.0786
2024-02-12,1956.7658
2024-02-13,1960.4414
2024-02-14,1962.5726
2024-02-15,1967.0832
2024-02-16,1953.1399
2024-02-19,1954.3923
2024-02-20,1932.0614
2024-02-21,1891.1073
2024-02-22,1892.7948
2024-02-26,1935.4830
2024-02-27,1932.9665
2024-02-28,1943.8443
2024-02-29,1961.7639
2024-03-01,1967.7021
2024-03-04,1985.8261
2024-03-05,1988.3193
2024-03-06,1994.1553
2024-03-07,1997.2265
2024-03-11,2000.0146
2024-03-12,2007.4183
2024-03-13,2000.2394
2024-03-14,1985.9750
2024-03-15,1987.8230
2024-03-18,1985.5516
2024-03-19,1966.6803
2024-03-20,1967.9619
2024-03-21,1979.7624
2024-03-22,1971.8127
2024-03-25,1976.7144
2024-03-26,1981.5753
2024-03-27,1992.7627
2024-03-28,1997.9973
2024-03-29,2009.9145
2024-04-01,2028.4676
2024-04-02,2033.2934
2024-04-03,2047.9491
2024-04-04,2055.1747
2024-04-05,2047.8177
2024-04-08,2061.0925
2024-04-09,2059.2094
2024-04-10,2074.1979
2024-04-11,2074.4519
2024-04-12,2084.5298
2024-04-15,2094.1494
2024-04-16,2088.5703
2024-04-17,2083.2219
2024-04-18,2084.2787
2024-04-19,2093.4838
2024-04-22,2098.4848
2024-04-23,2074.5103
2024-04-24,2068.1838
2024-04-25,2074.7146
2024-04-26,2080.7521
2024-04-27,2090.4505
2024-04-29,2097.8279
2024-04-30,2092.8532
2024-05-02,2076.5685
2024-05-03,2075.9291
2024-05-06,2072.9600
2024-05-07,2085.1721
2024-05-08,2088.1704
2024-05-10,2098.6571
2024-05-13,2103.1151
2024-05-14,2107.2636
2024-05-15,2111.3946
2024-05-16,2120.8478
2024-05-17,2130.3565
2024-05-20,2109.7948
2024-05-21,2085.6363
2024-05-22,2095.5274
2024-05-23,2094.4034
2024-05-24,2066.3767
2024-05-27,2011.0326
2024-05-28,2013.2806
2024-05-29,2022.4973
2024-05-30,2000.6452
2024-05-31,1961.6384
2024-06-03,1917.5868
2024-06-04,1945.3683
2024-06-05,1960.8180
2024-06-06,1948.6965
2024-06-07,1973.6257
2024-06-10,1942.8225
2024-06-11,1936.8114
2024-06-13,1937.1705
2024-06-14,1965.8804
2024-06-17,1946.1770
2024-06-18,1909.0123
2024-06-19,1855.8754
2024-06-20,1914.6994
2024-06-21,1909.1320
2024-06-24,1899.1388
2024-06-25,1907.3161
2024-06-26,1932.0264
2024-06-27,1931.1798
2024-06-28,1933.6554
2024-07-01,1953.1661
2024-07-02,1972.2302
2024-07-03,1963.5127
2024-07-04,1921.0551
2024-07-05,1930.5433
2024-07-08,1920.2990
2024-07-09,1879.2456
2024-07-10,1831.0542
2024-07-11,1869.0918
2024-07-12,1857.2242
2024-07-15,1821.2886
2024-07-16,1843.4473
2024-07-17,1845.2311
2024-07-18,1879.1318
2024-07-19,1897.4367
2024-07-22,1907.7190
2024-07-23,1909.9086
2024-07-24,1924.8883
2024-07-25,1918.3342
2024-07-26,1887.9689
2024-07-29,1833.5474
2024-07-30,1857.4081
2024-07-31,1856.0827
2024-08-01,1851.6743
2024-08-02,1828.5318
2024-08-05,1784.2028
2024-08-06,1785.4845
2024-08-07,1813.3565
2024-08-08,1799.2088
2024-08-09,1796.5463
2024-08-12,1794.3275
2024-08-13,1819.4494
2024-08-14,1810.9392
2024-08-15,1790.1235
2024-08-16,1783.8729
2024-08-19,1750.7196
2024-08-20,1746.1653
2024-08-21,1745.9901
2024-08-22,1719.2538
2024-08-23,1679.3390
2024-08-26,1743.2196
2024-08-27,1722.1703
2024-08-28,1702.9954
2024-08-29,1708.2241
2024-08-30,1671.6726
2024-09-02,1605.2871
2024-09-03,1592.2372
2024-09-04,1643.1816
2024-09-05,1653.5690
2024-09-06,1654.6726
2024-09-09,1705.0069
2024-09-10,1685.6684
2024-09-11,1683.5547
2024-09-12,1650.0920
2024-09-13,1690.4709
2024-09-16,1731.6177
2024-09-17,1750.4481
2024-09-18,1736.3705
2024-09-19,1740.9015
2024-09-20,1757.1716
2024-09-23,1780.8659
2024-09-24,1813.7623
2024-09-25,1787.3325
2024-09-26,1787.0406
2024-09-27,1806.4199
2024-09-30,1806.3498
2024-10-01,1778.9332
2024-10-02,1748.9709
2024-10-03,1758.8328
2024-10-04,1772.8841
2024-10-07,1766.0701
2024-10-08,1769.6231
2024-10-09,1744.5158
2024-10-10,1752.5939
2024-10-11,1750.3197
2024-10-14,1762.2924
2024-10-15,1782.9008
2024-10-16,1768.7122
2024-10-17,1756.9848
2024-10-18,1750.2905
2024-10-21,1760.3451
2024-10-22,1752.3808
2024-10-23,1739.4944
2024-10-24,1728.9931
2024-10-25,1692.0649
2024-10-28,1637.8127
2024-10-29,1653.4581
2024-10-30,1663.4572
2024-10-31,1628.3625
2024-11-01,1637.5909
2024-11-02,1650.1007
2024-11-05,1664.1754
2024-11-06,1693.6619
2024-11-07,1711.3187
2024-11-08,1739.2608
2024-11-11,1771.5383
2024-11-12,1753.3793
2024-11-13,1757.9774
2024-11-14,1715.6687
2024-11-15,1742.2153
2024-11-18,1730.4878
2024-11-19,1673.0797
2024-11-20,1651.6977
2024-11-21,1633.7051
2024-11-22,1641.6226
2024-11-25,1611.6428
2024-11-26,1569.3954
2024-11-27,1586.9267
2024-11-28,1622.5907
2024-11-29,1641.7715
2024-12-02,1647.3389
2024-12-03,1617.3445
2024-12-04,1582.9416
2024-12-05,1598.9957
2024-12-06,1615.1724
2024-12-09,1638.5193
2024-12-10,1606.5892
2024-12-11,1600.0876
2024-12-12,1587.4084
2024-12-13,1587.3588
2024-12-16,1545.9055
2024-12-17,1538.0989
2024-12-18,1558.9321
2024-12-19,1563.5273
2024-12-20,1707.3716
2024-12-23,1748.8249
2024-12-24,1741.3716
2024-12-25,1768.4670
2024-12-26,1790.3016
2024-12-27,1784.3984
2024-12-28,1803.3077
2024-12-30,1865.6702
2025-01-03,1830.3769
2025-01-06,1822.4564
2025-01-08,1841.3219
2025-01-09,1797.4601
2025-01-10,1835.2553
2025-01-13,1862.2340
2025-01-14,1857.9453
2025-01-15,1847.1929
2025-01-16,1891.6124
2025-01-17,1913.8528
2025-01-20,1903.4771
2025-01-21,1906.8286
2025-01-22,1931.4600
2025-01-23,1901.2349
2025-01-24,1915.4264
2025-01-27,1878.6822
2025-01-28,1905.0477
2025-01-29,1917.2043
2025-01-30,1928.1143
2025-01-31,1915.5286
2025-02-03,1901.2787
2025-02-04,1895.7814
2025-02-05,1904.1310
2025-02-06,1929.8339
2025-02-07,1927.5012
2025-02-10,1957.3001
2025-02-11,1960.9582
2025-02-12,1965.9037
2025-02-13,2083.7299
2025-02-14,2069.4538
2025-02-17,2149.6394
2025-02-18,2117.3795
2025-02-19,2125.0985
2025-02-20,2139.3805
2025-02-21,2133.3197
2025-02-24,2146.5361
2025-02-25,2161.1625
2025-02-26,2128.5844
2025-02-27,2100.4175
2025-02-28,2079.5142
2025-03-03,2043.9407
2025-03-04,2106.2505
2025-03-05,2120.5383
2025-03-06,2084.2058
2025-03-07,2057.6825
2025-03-10,2079.7273
2025-03-11,2079.8178
2025-03-12,2068.7852
2025-03-13,2028.2399
2025-03-14,2076.0021
2025-03-17,2108.5598
2025-03-18,2116.5504
2025-03-19,2098.5520
2025-03-20,2094.2312
2025-03-21,2073.7454
2025-03-24,2065.3315
2025-03-25,2056.2082
2025-03-26,2044.3114
2025-03-27,2003.8186
2025-03-28,1965.9125
2025-03-31,1957.9278
2025-04-01,1926.1349
2025-04-02,1901.4189
2025-04-03,1858.0095
2025-04-04,1807.5818
2025-04-07,1773.7424
2025-04-08,1784.4773
2025-04-09,1722.2842
2025-04-10,1796.0879
2025-04-11,1838.7382
2025-04-14,1832.0906
2025-04-15,1822.9031
2025-04-16,1859.4722
2025-04-17,1861.7406
2025-04-18,1866.5810
2025-04-21,1898.8673
2025-04-22,1919.6800
2025-04-23,1912.3639
2025-04-24,1913.1434
2025-04-25,1955.4608
2025-04-28,1977.9961
2025-04-29,1928.0355
2025-04-30,1902.4874
2025-05-02,1849.1840
2025-05-05,1785.9253
2025-05-06,1838.9192
2025-05-07,1847.4090
2025-05-08,1859.0430
2025-05-12,1910.7144
2025-05-13,1914.2090
2025-05-14,1906.8286
2025-05-15,1851.9487
2025-05-16,1852.9968
2025-05-19,1880.6878
2025-05-20,1842.0576
2025-05-21,1833.0278
2025-05-22,1821.6623
2025-05-23,1807.2694
2025-05-26,1761.4311
2025-05-27,1785.5108
2025-05-28,1817.1197
2025-05-29,1833.2613
2025-05-30,1845.5843
2025-06-02,1853.3997
2025-06-03,1876.0984
2025-06-04,1877.8063
2025-06-05,1891.0256
2025-06-06,1844.3903
2025-06-09,1814.6440
2025-06-10,1804.4434
2025-06-11,1811.6223
2025-06-13,1822.9703
2025-06-16,1814.6907
2025-06-17,1848.5680
2025-06-18,1850.4832
2025-06-19,1845.1668
2025-06-20,1823.4461
2025-06-23,1829.1653
2025-06-24,1819.4085
2025-06-25,1849.7854
2025-06-26,1854.0858
2025-06-27,1859.9451
2025-06-30,1887.3004
2025-07-01,1888.0040
2025-07-02,1866.0117
2025-07-03,1871.3660
2025-07-04,1856.9906
2025-07-07,1829.8806
2025-07-08,1829.7988
2025-07-09,1790.5351
2025-07-10,1817.5109
2025-07-11,1763.6003
2025-07-14,1811.7420
2025-07-15,1840.5775
2025-07-16,1854.0712
2025-07-17,1853.6741
2025-07-18,1900.1547
2025-07-21,1925.5043
2025-07-22,1928.1172
2025-07-23,1938.7295
2025-07-24,1915.8906
2025-07-25,1891.8022
2025-07-28,1863.5448
2025-07-29,1882.1738
2025-07-30,1860.3100
2025-07-31,1864.3214
2025-08-01,1861.4953
2025-08-04,1892.7948
2025-08-05,1901.3371
2025-08-06,1886.4946
2025-08-07,1962.7916
2025-08-08,1995.6821
2025-08-11,2022.6491
2025-08-12,2031.5418
2025-08-13,2029.1974
2025-08-14,2032.1461
2025-08-15,2055.8637
2025-08-18,2014.3462
2025-08-19,2024.1760
2025-08-20,2007.1935
2025-08-21,1968.0991
2025-08-22,1977.1494
2025-08-25,1970.6507
2025-08-26,1969.7165
2025-08-27,1987.1953
2025-08-28,1988.0419
2025-08-29,1978.9362
2025-09-01,1970.4668
2025-09-02,1942.0868
2025-09-03,1957.2125
2025-09-04,1961.4107
2025-09-05,1980.3521
2025-09-08,1994.1202
2025-09-09,2003.9091
2025-09-10,1989.0988
2025-09-11,1984.9210
2025-09-12,1938.2273
2025-09-15,1917.8320
2025-09-16,1913.0003
2025-09-17,1920.6931
2025-09-18,1906.7293
2025-09-19,1875.6605
2025-09-22,1870.8814
2025-09-23,1882.8862
2025-09-24,1858.9496
2025-09-25,1848.7811
2025-09-26,1861.7814
2025-09-29,1834.5605
2025-09-30,1834.9079
2025-10-01,1809.8590
2025-10-02,1799.4803
2025-10-03,1780.6645
2025-10-06,1814.3491
2025-10-07,1828.1172
2025-10-08,1755.4404
2025-10-09,1807.4067
2025-10-10,1773.2841
2025-10-13,1767.1532
2025-10-14,1745.6982
2025-10-15,1748.2615
2025-10-16,1791.2329
2025-10-17,1869.0976
2025-10-20,1885.5691
2025-10-21,1808.3496
2025-10-22,1822.4885
2025-10-23,1765.9329
2025-10-24,1747.5637
2025-10-27,1701.4422
2025-10-28,1714.0134
2025-10-29,1733.4277
2025-10-30,1756.8739
2025-10-31,1734.6977
2025-11-01,1739.8213
2025-11-03,1766.1314
2025-11-05,1749.4117
2025-11-06,1746.7200
2025-11-07,1763.0135
2025-11-10,1757.6417
2025-11-11,1762.8412
2025-11-12,1742.2678
2025-11-13,1747.1725
2025-11-14,1735.0276
2025-11-17,1724.6956
2025-11-18,1760.7129
2025-11-19,1817.6948
2025-11-20,1805.5294
2025-11-21,1844.4925
2025-11-24,1823.7527
2025-11-25,1845.1231
2025-11-26,1833.0540
2025-11-27,1800.7591
2025-11-28,1838.5747
2025-12-01,1845.7945
2025-12-02,1832.2395
2025-12-03,1821.5981
2025-12-04,1825.3204
2025-12-05,1862.5317
2025-12-08,1858.3219
2025-12-09,1856.6403
2025-12-10,1868.9633
2025-12-11,1888.3835
2025-12-12,1881.8994
2025-12-15,1888.3835
2025-12-16,1905.7630
2025-12-17,1895.8018
2025-12-18,1891.2270
2025-12-19,1884.5123
2025-12-22,1868.2772
2025-12-23,1874.7438
2025-12-24,1871.0565
2025-12-25,1866.9985
2025-12-26,1895.0428
2025-12-29,1886.1968
2025-12-30,1903.1121
2026-01-05,1896.5580
2026-01-06,1895.0457
2026-01-08,1877.5261
2026-01-09,1883.0613
2026-01-12,1885.7385
2026-01-13,1882.2410
2026-01-14,1886.2669
2026-01-15,1885.3093
2026-01-16,1907.9438
2026-01-19,1919.4581
2026-01-20,1910.9567
2026-01-21,1933.6117
2026-01-22,1931.8600
2026-01-23,1938.3295
2026-01-26,1931.9505
2026-01-27,1941.1906
2026-01-28,1945.8120
2026-01-29,1952.6173
2026-01-30,1942.1335
2026-02-02,1932.2366
2026-02-03,1944.5129
2026-02-04,1937.6463
2026-02-05,1910.3027
2026-02-06,1909.1174
2026-02-09,1902.2859
2026-02-10,1896.2835
2026-02-11,1924.6956
2026-02-12,1930.2163
2026-02-13,1937.6697
2026-02-16,1942.0401
2026-02-17,1929.9857
2026-02-18,1939.5819
2026-02-19,1935.2261
2026-02-20,1940.6417
2026-02-24,1938.3733
2026-02-25,1950.9649
2026-02-26,1944.1188
2026-02-27,1953.5836
2026-03-02,1979.0646
2026-03-03,1971.7280
2026-03-04,1961.0078
2026-03-05,1971.6288
2026-03-06,1991.9452
2026-03-09,2016.0716
2026-03-10,1991.7701
2026-03-11,1991.9014
2026-03-12,2004.4843
2026-03-13,2004.3295
2026-03-16,1991.6679
2026-03-17,1991.5365
2026-03-18,2004.2303
2026-03-19,2002.3239
2026-03-20,1999.4628
2026-03-23,1977.5056
2026-03-24,1980.6265
2026-03-25,1982.1884
2026-03-26,1970.1136
2026-03-27,1946.9214
2026-03-30,1954.6551
2026-03-31,1937.6814
2026-04-01,1936.8931
2026-04-02,1936.3151
2026-04-03,1926.7480
2026-04-06,1943.6166
2026-04-07,1952.2494
2026-04-08,1929.7901
2026-04-09,1907.6928
2026-04-10,1902.1020
2026-04-13,1902.9954
2026-04-14,1904.9660
2026-04-15,1915.4089
2026-04-16,1915.8906
2026-04-17,1903.8683
2026-04-20,1924.6402
2026-04-21,1927.4633
2026-04-22,1930.2163
2026-04-23,1937.0800
2026-04-24,1910.1976
2026-04-27,1912.3872
2026-04-28,1887.3091
2026-04-29,1847.5842
2026-04-30,1860.4560
2026-05-04,1847.8761
2026-05-05,1864.4819
2026-05-06,1856.1119
2026-05-07,1844.0049
2026-05-08,1831.6439
2026-05-11,1873.3220
2026-05-12,1898.1578
2026-05-13,1901.5181
2026-05-14,1876.2006
2026-05-15,1858.6722
2026-05-18,1884.5211
2026-05-19,1881.1725
2026-05-20,1864.8148
2026-05-21,1881.7447
2026-05-22,1854.4828
2026-05-25,1836.1720
2026-05-26,1824.1877
2026-05-27,1831.2498
2026-05-28,1826.7597
2026-05-29,1813.8353
2026-06-01,1816.9679
2026-06-02,1852.5647
2026-06-03,1839.1031
2026-06-04,1823.9395
2026-06-05,1810.6064
2026-06-08,1779.9229
2026-06-09,1785.3064
2026-06-10,1783.9693
2026-06-11,1780.0426
2026-06-15,1799.5095
2026-06-16,1762.4850
2026-06-17,1758.6138
2026-06-18,1727.6093
2026-06-19,1712.9740
2026-06-22,1640.9862
2026-06-23,1653.4873
2026-06-24,1588.0332
2026-06-25,1597.7812
2026-06-26,1617.8641
2026-06-29,1663.3083
2026-06-30,1662.1347
