date,level,divisor,total_ff_mcap
2025-01-03,1000.0000,1.000000e-03,460568093947.58
2025-01-06,999.1817,1.000000e-03,460470826523.55
2025-01-08,1013.8385,1.000000e-03,465006720134.61
2025-01-09,982.8311,1.000000e-03,451256192386.32
2025-01-10,1013.2683,1.000000e-03,466219129473.57
2025-01-13,1016.8141,1.000000e-03,469944123148.69
2025-01-14,1027.2719,1.000000e-03,475901249725.60
2025-01-15,1044.3075,1.000000e-03,481694879847.21
2025-01-16,1050.9506,1.000000e-03,482750862186.65
2025-01-17,1076.5804,1.000000e-03,493826741164.36
2025-01-20,1053.0002,1.000000e-03,482361422832.62
2025-01-21,1058.2804,1.000000e-03,486882428986.69
2025-01-22,1053.0700,1.000000e-03,483552206979.70
2025-01-23,1063.9215,1.000000e-03,488660501397.75
2025-01-24,1054.7957,1.000000e-03,484786544222.01
2025-01-27,1032.6586,1.000000e-03,474255574258.36
2025-01-28,1051.8148,1.000000e-03,483836149811.58
2025-01-29,1052.6083,1.000000e-03,484923975215.90
2025-01-30,1065.0187,1.000000e-03,491106222190.89
2025-01-31,1050.0525,1.000000e-03,484821699987.40
2025-02-03,1036.3400,1.000000e-03,479537215547.00
2025-02-04,1015.5043,1.000000e-03,470967173371.35
2025-02-05,1029.8972,1.000000e-03,480153710941.68
2025-02-06,1037.7977,1.000000e-03,486586640142.08
2025-02-07,1019.3853,1.000000e-03,479808430348.35
2025-02-10,1014.7613,1.000000e-03,480374072232.47
2025-02-11,1034.8432,1.000000e-03,489743636688.62
2025-02-12,1079.7088,1.000000e-03,514610293112.79
2025-02-13,1065.0031,1.000000e-03,508327446461.45
2025-02-14,1059.6326,1.000000e-03,508635012148.13
2025-02-17,1096.5636,1.000000e-03,527472321255.53
2025-02-18,1063.9161,1.000000e-03,510171224482.76
2025-02-19,1080.0264,1.000000e-03,519808150259.11
2025-02-20,1086.5757,1.000000e-03,522437294513.00
2025-02-21,1093.6713,1.000000e-03,526873559183.26
2025-02-24,1108.9073,1.000000e-03,531870971552.91
2025-02-25,1115.6650,1.000000e-03,533001304212.49
2025-02-26,1077.8023,1.000000e-03,514027154536.05
2025-02-27,1055.2874,1.000000e-03,503241534540.90
2025-02-28,1071.0122,1.000000e-03,510453640707.69
2025-03-03,1054.4222,1.000000e-03,503284129455.61
2025-03-04,1090.7885,1.000000e-03,523487869067.18
2025-03-05,1073.9923,1.000000e-03,513902358922.61
2025-03-06,1070.5277,1.000000e-03,512906933805.50
2025-03-07,1067.5442,1.000000e-03,513284658989.84
2025-03-10,1061.9385,1.000000e-03,510633799669.16
2025-03-11,1064.7191,1.000000e-03,512380036947.71
2025-03-12,1056.2664,1.000000e-03,508442590361.06
2025-03-13,1044.0062,1.000000e-03,502711088517.55
2025-03-14,1052.7042,1.000000e-03,506813417526.31
2025-03-17,1075.3023,1.000000e-03,519450466112.26
2025-03-18,1063.3391,1.000000e-03,513252092591.10
2025-03-19,1067.2510,1.000000e-03,515249864511.21
2025-03-20,1057.2831,1.000000e-03,512667568958.85
2025-03-21,1046.4347,1.000000e-03,508800186074.15
2025-03-24,1030.8609,1.000000e-03,502198954760.00
2025-03-25,1037.6763,1.000000e-03,506755641310.53
2025-03-26,1020.2502,1.000000e-03,497905428348.19
2025-03-27,994.6954,1.000000e-03,485188261084.35
2025-03-28,969.5613,1.000000e-03,472612206627.30
2025-03-31,999.4144,1.000000e-03,489195167700.10
2025-04-01,970.7233,1.030160e-03,451238455912.80
2025-04-02,988.6609,1.030160e-03,459027339929.49
2025-04-03,976.7632,1.030160e-03,451479201002.56
2025-04-04,925.4099,1.030160e-03,428366387792.78
2025-04-07,918.8868,1.030160e-03,425755335681.87
2025-04-08,901.3463,1.030160e-03,415816296093.63
2025-04-09,933.7145,1.030160e-03,432686032246.29
2025-04-10,918.5176,1.030160e-03,425307617604.00
2025-04-11,936.6666,1.030160e-03,434920814109.59
2025-04-14,926.7309,1.030160e-03,429778132199.28
2025-04-15,936.1712,1.030160e-03,436193134693.43
2025-04-16,940.9506,1.030160e-03,439097858898.97
2025-04-17,947.6243,1.030160e-03,442150893262.44
2025-04-18,930.9726,1.030160e-03,434735659496.75
2025-04-21,948.8954,1.030160e-03,444741057070.22
2025-04-22,966.0692,1.030160e-03,450943377309.08
2025-04-23,958.2678,1.030160e-03,446381516330.17
2025-04-24,960.9855,1.030160e-03,448012373783.93
2025-04-25,979.5389,1.030160e-03,457212708017.05
2025-04-28,965.2155,1.030160e-03,450214407197.17
2025-04-29,946.5884,1.030160e-03,440631879660.08
2025-04-30,943.0214,1.030160e-03,438092699353.03
2025-05-02,904.4065,1.030160e-03,417967114057.18
2025-05-05,898.7681,1.030160e-03,415031815448.54
2025-05-06,916.4299,1.030160e-03,426149109053.24
2025-05-07,916.5150,1.030160e-03,425043228427.48
2025-05-08,918.4990,1.030160e-03,425669457454.74
2025-05-12,940.0515,1.030160e-03,437203134786.65
2025-05-13,934.0425,1.030160e-03,433634725379.33
2025-05-14,917.5474,1.030160e-03,425052168546.38
2025-05-15,913.9463,1.030160e-03,423436834110.30
2025-05-16,919.0113,1.030160e-03,426502895756.81
2025-05-19,919.2167,1.030160e-03,426998317606.40
2025-05-20,914.2218,1.030160e-03,425147239084.18
2025-05-21,904.4598,1.030160e-03,420743274021.88
2025-05-22,900.6935,1.030160e-03,421318555478.69
2025-05-23,900.0485,1.030160e-03,421067849924.86
2025-05-26,878.1724,1.030160e-03,410993430837.81
2025-05-27,897.3585,1.030160e-03,420362011789.34
2025-05-28,924.1124,1.030160e-03,434962795464.50
2025-05-29,915.0926,1.030160e-03,430422800266.42
2025-05-30,922.4600,1.030160e-03,434713933125.28
2025-06-02,923.6683,1.030160e-03,434932504417.22
2025-06-03,946.0913,1.030160e-03,445276244613.73
2025-06-04,948.7689,1.030160e-03,444905514271.03
2025-06-05,969.9367,1.030160e-03,455386572299.77
2025-06-06,942.2513,1.030160e-03,442235434157.74
2025-06-09,929.2895,1.030160e-03,434320255181.87
2025-06-10,911.6140,1.030160e-03,424673646135.83
2025-06-11,907.5417,1.030160e-03,423945594424.27
2025-06-13,903.1304,1.030160e-03,421898162452.38
2025-06-16,908.4674,1.030160e-03,425411880646.68
2025-06-17,921.3234,1.030160e-03,431888685548.98
2025-06-18,922.1562,1.030160e-03,430688223050.22
2025-06-19,921.2385,1.030160e-03,430726176246.26
2025-06-20,913.6925,1.030160e-03,428274381867.75
2025-06-23,907.0362,1.030160e-03,425074724876.87
2025-06-24,929.0091,1.030160e-03,434778066546.99
2025-06-25,946.6365,1.030160e-03,442824081274.07
2025-06-26,940.7554,1.030160e-03,440486195614.45
2025-06-27,947.1128,1.030160e-03,444577083362.90
2025-06-30,958.3891,1.030160e-03,447901834235.63
2025-07-01,960.8987,1.040692e-03,489771104859.97
2025-07-02,960.9146,1.040692e-03,488763736677.62
2025-07-03,965.1303,1.040692e-03,489851029449.90
2025-07-04,958.0430,1.040692e-03,486549319050.08
2025-07-07,948.0069,1.040692e-03,482083352395.21
2025-07-08,954.6956,1.040692e-03,485877544493.61
2025-07-09,961.0249,1.040692e-03,490186833281.01
2025-07-10,971.7291,1.040692e-03,494287916024.21
2025-07-11,946.7213,1.040692e-03,478279210769.52
2025-07-14,976.7991,1.040692e-03,495099965825.21
2025-07-15,993.2230,1.040692e-03,506062982282.65
2025-07-16,1008.1610,1.040692e-03,514919240933.73
2025-07-17,995.1768,1.040692e-03,507598806193.04
2025-07-18,1019.8493,1.040692e-03,522495687590.70
2025-07-21,1025.3655,1.040692e-03,524439695586.52
2025-07-22,1024.5528,1.040692e-03,522723272785.52
2025-07-23,1026.7546,1.040692e-03,522828059081.70
2025-07-24,1032.6311,1.040692e-03,518350323070.88
2025-07-25,1018.9081,1.040692e-03,512795704715.29
2025-07-28,1008.7397,1.040692e-03,507219349043.98
2025-07-29,1010.0307,1.040692e-03,507014736137.95
2025-07-30,996.7421,1.040692e-03,500714054950.16
2025-07-31,1007.5712,1.040692e-03,506015171951.61
2025-08-01,1002.4153,1.040692e-03,502806035885.28
2025-08-04,1007.2974,1.040692e-03,506558905728.34
2025-08-05,1005.0761,1.040692e-03,506873372546.53
2025-08-06,1015.4244,1.040692e-03,514024201506.65
2025-08-07,1028.6370,1.040692e-03,523791662364.87
2025-08-08,1045.0537,1.040692e-03,531478558970.56
2025-08-11,1050.8571,1.040692e-03,531004872444.69
2025-08-12,1057.9856,1.040692e-03,531613792407.13
2025-08-13,1046.0733,1.040692e-03,525769099904.16
2025-08-14,1052.1797,1.040692e-03,530522267570.23
2025-08-15,1055.7507,1.040692e-03,533655548610.87
2025-08-18,1063.8009,1.040692e-03,539956550821.52
2025-08-19,1063.3538,1.040692e-03,536943217573.26
2025-08-20,1057.9822,1.040692e-03,532247295245.94
2025-08-21,1037.7196,1.040692e-03,521934200387.08
2025-08-22,1047.8148,1.040692e-03,527341887943.84
2025-08-25,1045.1409,1.040692e-03,527215967142.57
2025-08-26,1050.0232,1.040692e-03,530252592462.71
2025-08-27,1050.3578,1.040692e-03,528841680453.54
2025-08-28,1039.4823,1.040692e-03,524739947576.61
2025-08-29,1033.0245,1.040692e-03,522101584033.72
2025-09-01,1027.8232,1.040692e-03,519939550750.06
2025-09-02,1021.4126,1.040692e-03,518540322717.92
2025-09-03,1026.9220,1.040692e-03,520286794453.16
2025-09-04,1024.1065,1.040692e-03,519749484966.39
2025-09-05,1029.5896,1.040692e-03,522899390753.11
2025-09-08,1037.1710,1.040692e-03,528197056821.96
2025-09-09,1045.4192,1.040692e-03,527770812623.60
2025-09-10,1033.4992,1.040692e-03,522645304568.59
2025-09-11,1036.9148,1.040692e-03,522785124246.03
2025-09-12,1013.2622,1.040692e-03,510995972232.96
2025-09-15,1001.0007,1.040692e-03,504279467006.04
2025-09-16,995.1136,1.040692e-03,500911335711.35
2025-09-17,993.7923,1.040692e-03,501313364638.01
2025-09-18,985.7777,1.040692e-03,497034070464.39
2025-09-19,978.5748,1.040692e-03,494711147952.18
2025-09-22,979.1974,1.040692e-03,497238684149.38
2025-09-23,973.0207,1.040692e-03,493159251645.40
2025-09-24,986.5760,1.040692e-03,500621372815.04
2025-09-25,979.9688,1.040692e-03,496831552939.56
2025-09-26,977.3804,1.040692e-03,494679369801.02
2025-09-29,944.6598,1.040692e-03,479825036694.66
2025-09-30,939.0964,1.040692e-03,477800693814.02
2025-10-01,922.9995,1.083424e-03,495579794422.68
2025-10-02,915.3601,1.083424e-03,489852526757.96
2025-10-03,902.9085,1.083424e-03,486660646987.87
2025-10-06,914.2063,1.083424e-03,495643329306.42
2025-10-07,918.5921,1.083424e-03,497554695019.67
2025-10-08,888.2601,1.083424e-03,483582064798.86
2025-10-09,899.0972,1.083424e-03,493209068655.35
2025-10-10,879.5069,1.083424e-03,481636897022.93
2025-10-13,887.1456,1.083424e-03,484131940297.48
2025-10-14,880.8315,1.083424e-03,481025492031.22
2025-10-15,875.5483,1.083424e-03,479730052136.68
2025-10-16,919.1915,1.083424e-03,505026351102.96
2025-10-17,928.0363,1.083424e-03,510784611633.09
2025-10-20,943.3987,1.083424e-03,516246379821.00
2025-10-21,922.8700,1.083424e-03,502746318447.00
2025-10-22,907.6342,1.083424e-03,493537468885.50
2025-10-23,909.4288,1.083424e-03,493853343631.76
2025-10-24,900.1420,1.083424e-03,487838882492.94
2025-10-27,877.8931,1.083424e-03,479606049450.67
2025-10-28,889.8368,1.083424e-03,486981131785.99
2025-10-29,897.7813,1.083424e-03,493204584118.89
2025-10-30,910.1981,1.083424e-03,500617053361.99
2025-10-31,899.7600,1.083424e-03,493489528808.00
2025-11-01,901.4520,1.083424e-03,495407441946.41
2025-11-03,911.9970,1.083424e-03,501632075551.89
2025-11-05,912.9464,1.083424e-03,500842273898.93
2025-11-06,915.8810,1.083424e-03,499750357154.04
2025-11-07,918.7049,1.083424e-03,501786905120.57
2025-11-10,921.5485,1.083424e-03,503066523708.42
2025-11-11,915.9071,1.083424e-03,499426166203.40
2025-11-12,904.2437,1.083424e-03,492538589322.07
2025-11-13,901.3194,1.083424e-03,490771009383.80
2025-11-14,895.0303,1.083424e-03,487535048871.67
2025-11-17,880.4923,1.083424e-03,478969965619.11
2025-11-18,888.7347,1.083424e-03,483459687639.36
2025-11-19,909.2834,1.083424e-03,497901633501.73
2025-11-20,923.5826,1.083424e-03,506270086687.51
2025-11-21,918.3439,1.083424e-03,504165107315.27
2025-11-24,905.6261,1.083424e-03,495960009877.92
2025-11-25,910.6635,1.083424e-03,499556435669.04
2025-11-26,905.9848,1.083424e-03,497552613612.48
2025-11-27,899.9045,1.083424e-03,494131577623.20
2025-11-28,906.8775,1.083424e-03,499843626004.33
2025-12-01,911.6496,1.083424e-03,501977225812.87
2025-12-02,915.3577,1.083424e-03,505245190827.92
2025-12-03,911.5920,1.083424e-03,502407151557.12
2025-12-04,925.3738,1.083424e-03,510112871823.71
2025-12-05,937.2043,1.083424e-03,518135106554.70
2025-12-08,939.4927,1.083424e-03,518842686898.11
2025-12-09,943.7855,1.083424e-03,523348892238.94
2025-12-10,941.3345,1.083424e-03,521625544401.29
2025-12-11,945.8508,1.083424e-03,523611816236.63
2025-12-12,923.5003,1.083424e-03,514208452801.95
2025-12-15,930.7186,1.083424e-03,519432622478.43
2025-12-16,937.0395,1.083424e-03,523704877568.12
2025-12-17,932.1696,1.083424e-03,521097247954.06
2025-12-18,946.7013,1.083424e-03,532747336067.86
2025-12-19,936.6670,1.083424e-03,527399815168.03
2025-12-22,925.1724,1.083424e-03,522775969307.96
2025-12-23,930.9676,1.083424e-03,525615012152.70
2025-12-24,930.9255,1.083424e-03,527964779647.56
2025-12-25,936.5496,1.083424e-03,532080539210.89
2025-12-26,955.1349,1.083424e-03,541121457191.40
2025-12-29,951.9805,1.083424e-03,540267184140.50
2025-12-30,955.8841,1.083424e-03,543943405440.75
2026-01-05,944.5934,1.058657e-03,726098589819.85
2026-01-06,941.0462,1.058657e-03,723284311033.06
2026-01-08,927.4017,1.058657e-03,711239605298.83
2026-01-09,931.9208,1.058657e-03,715262065750.18
2026-01-12,944.8195,1.058657e-03,726635227790.90
2026-01-13,942.0666,1.058657e-03,724383459361.05
2026-01-14,943.0829,1.058657e-03,727826987152.05
2026-01-15,949.8485,1.058657e-03,731427181646.14
2026-01-16,959.9302,1.058657e-03,741223775069.17
2026-01-19,963.4452,1.058657e-03,744606589666.68
2026-01-20,959.1972,1.058657e-03,741809769331.22
2026-01-21,974.1483,1.058657e-03,756506327803.37
2026-01-22,972.5854,1.058657e-03,754676954163.04
2026-01-23,977.1430,1.058657e-03,758504642346.88
2026-01-26,973.9112,1.058657e-03,757522477316.51
2026-01-27,982.7525,1.058657e-03,761861195434.09
2026-01-28,985.1957,1.058657e-03,761383328506.87
2026-01-29,987.8424,1.058657e-03,764078855449.36
2026-01-30,978.0526,1.058657e-03,759379015871.80
2026-02-02,984.5132,1.058657e-03,761410306035.03
2026-02-03,986.8054,1.058657e-03,761601457558.13
2026-02-04,978.0091,1.058657e-03,755520984030.44
2026-02-05,969.0384,1.058657e-03,746475593572.83
2026-02-06,966.1801,1.058657e-03,742499427723.16
2026-02-09,954.2489,1.058657e-03,731630092536.75
2026-02-10,952.1526,1.058657e-03,729537689458.19
2026-02-11,974.1793,1.058657e-03,754035983348.68
2026-02-12,981.2937,1.058657e-03,759306739292.34
2026-02-13,995.4080,1.058657e-03,773926216466.18
2026-02-16,1001.8378,1.058657e-03,778568937958.04
2026-02-17,992.7238,1.058657e-03,768532437169.07
2026-02-18,997.4349,1.058657e-03,772939340218.97
2026-02-19,1002.7965,1.058657e-03,774341217506.06
2026-02-20,1001.5154,1.058657e-03,773231188471.92
2026-02-24,1007.2435,1.058657e-03,775612262411.12
2026-02-25,1006.6165,1.058657e-03,775229298036.88
2026-02-26,1007.4301,1.058657e-03,776078875396.55
2026-02-27,1007.7094,1.058657e-03,774221868931.14
2026-03-02,981.8499,1.058657e-03,753609897316.00
2026-03-03,964.9759,1.058657e-03,739305719371.12
2026-03-04,971.9470,1.058657e-03,742958571218.65
2026-03-05,968.9921,1.058657e-03,740350144853.77
2026-03-06,964.0241,1.058657e-03,735803789888.58
2026-03-09,975.2025,1.058657e-03,749623036722.80
2026-03-10,975.1538,1.058657e-03,745083702365.05
2026-03-11,965.9836,1.058657e-03,736697260298.93
2026-03-12,964.8692,1.058657e-03,735328876274.62
2026-03-13,968.2487,1.058657e-03,736744206205.32
2026-03-16,967.8685,1.058657e-03,734678616926.71
2026-03-17,971.0889,1.058657e-03,737727069794.74
2026-03-18,966.9893,1.058657e-03,735839237033.88
2026-03-19,958.1972,1.058657e-03,728806450693.86
2026-03-20,953.4739,1.058657e-03,724104164250.18
2026-03-23,932.1515,1.058657e-03,705454173229.60
2026-03-24,936.9426,1.058657e-03,709628366780.00
2026-03-25,944.2869,1.058657e-03,715955855101.52
2026-03-26,929.2943,1.058657e-03,703960647359.46
2026-03-27,916.8019,1.058657e-03,695933120999.51
2026-03-30,928.5542,1.058657e-03,704878587936.35
2026-03-31,922.3483,1.058657e-03,699070332817.22
2026-04-01,931.8117,1.073178e-03,639745692624.01
2026-04-02,924.8804,1.073178e-03,632815388317.58
2026-04-03,913.5176,1.073178e-03,623120232326.98
2026-04-06,918.7150,1.073178e-03,627820286535.69
2026-04-07,916.4096,1.073178e-03,628269487280.93
2026-04-08,922.5471,1.073178e-03,633322742792.02
2026-04-09,911.4765,1.073178e-03,623599542888.72
2026-04-10,907.3377,1.073178e-03,621470987197.61
2026-04-13,891.5315,1.073178e-03,610206514434.53
2026-04-14,896.3982,1.073178e-03,616447893235.28
2026-04-15,918.1900,1.073178e-03,636081694556.55
2026-04-16,918.4309,1.073178e-03,633829179897.55
2026-04-17,919.9265,1.073178e-03,635031284231.23
2026-04-20,925.4561,1.073178e-03,640124008257.29
2026-04-21,922.9030,1.073178e-03,639275577365.72
2026-04-22,933.6471,1.073178e-03,646270291382.21
2026-04-23,930.7383,1.073178e-03,644224775001.65
2026-04-24,918.7237,1.073178e-03,634527376123.70
2026-04-27,905.5755,1.073178e-03,621760083720.50
2026-04-28,885.4040,1.073178e-03,606502578722.82
2026-04-29,878.7324,1.073178e-03,601644665934.90
2026-04-30,878.2479,1.073178e-03,604158393589.15
2026-05-04,870.1799,1.073178e-03,598931141896.50
2026-05-05,878.1300,1.073178e-03,604437690364.85
2026-05-06,876.1379,1.073178e-03,602020295099.58
2026-05-07,873.5738,1.073178e-03,601530661311.96
2026-05-08,875.3368,1.073178e-03,602996139502.67
2026-05-11,890.6291,1.073178e-03,613992894673.69
2026-05-12,891.9387,1.073178e-03,616369876862.47
2026-05-13,888.5861,1.073178e-03,613812842021.26
2026-05-14,875.0403,1.073178e-03,602810060773.78
2026-05-15,867.0283,1.073178e-03,596203828268.22
2026-05-18,878.6096,1.073178e-03,605136389105.91
2026-05-19,879.6574,1.073178e-03,606549085542.02
2026-05-20,871.8699,1.073178e-03,600369525561.15
2026-05-21,879.8639,1.073178e-03,606526357523.47
2026-05-22,873.5453,1.073178e-03,601623570047.93
2026-05-25,862.7073,1.073178e-03,596295531050.04
2026-05-26,849.4210,1.073178e-03,587937135320.75
2026-05-27,859.9023,1.073178e-03,595659072927.55
2026-05-28,853.3546,1.073178e-03,592854767282.84
2026-05-29,845.2125,1.073178e-03,589303976708.86
2026-06-01,843.3046,1.073178e-03,591319307478.12
2026-06-02,854.5486,1.073178e-03,599959575140.75
2026-06-03,847.6437,1.073178e-03,594019147017.03
2026-06-04,837.8923,1.073178e-03,586995300253.03
2026-06-05,827.5757,1.073178e-03,578720244272.22
2026-06-08,800.0812,1.073178e-03,563720788722.38
2026-06-09,820.1332,1.073178e-03,578508392959.87
2026-06-10,820.4175,1.073178e-03,579757735717.68
2026-06-11,821.0282,1.073178e-03,580197053762.65
2026-06-15,832.5075,1.073178e-03,589848320866.12
2026-06-16,821.4529,1.073178e-03,582151807365.25
2026-06-17,819.9320,1.073178e-03,582207253884.24
2026-06-18,807.4394,1.073178e-03,572055606579.81
2026-06-19,794.3547,1.073178e-03,565339796776.38
2026-06-22,745.4326,1.073178e-03,538873731239.05
2026-06-23,752.0865,1.073178e-03,540567417640.24
2026-06-24,714.6235,1.073178e-03,512673147853.27
2026-06-25,707.1745,1.073178e-03,504767220434.67
2026-06-26,723.1597,1.073178e-03,519184208442.09
2026-06-29,732.6842,1.073178e-03,525097864676.52
2026-06-30,729.3035,1.073178e-03,522971375795.96
2026-07-01,730.9506,1.368082e-03,699160162857.88
2026-07-02,701.4269,1.368082e-03,669224930565.78
2026-07-03,688.5243,1.368082e-03,653237267518.86
2026-07-06,685.2639,1.368082e-03,650369479105.52
2026-07-07,696.8280,1.368082e-03,661219543470.84
2026-07-08,717.0115,1.368082e-03,682599122234.74
2026-07-09,709.7375,1.368082e-03,677873668235.90
2026-07-10,704.3824,1.368082e-03,670752772203.38
2026-07-13,708.1523,1.368082e-03,678615696315.79
2026-07-14,696.1090,1.368082e-03,663568416740.82
2026-07-15,674.8794,1.368082e-03,648353137839.39
2026-07-16,636.5264,1.368082e-03,614228488927.15
2026-07-17,633.9012,1.368082e-03,608543823753.72
2026-07-20,674.5046,1.368082e-03,639830306599.11
2026-07-21,690.5740,1.368082e-03,653509491561.74
2026-07-22,693.3844,1.368082e-03,658517930409.53
2026-07-23,682.7763,1.368082e-03,651829385992.16
2026-07-24,711.4587,1.368082e-03,676645070724.44
2026-07-27,725.0526,1.368082e-03,686048486090.48
2026-07-28,726.1715,1.368082e-03,688840211408.19
2026-07-29,745.5986,1.368082e-03,709883428507.34
2026-07-30,735.3252,1.368082e-03,696691284866.20
2026-07-31,733.8492,1.368082e-03,694213173416.02
2026-08-03,754.7612,1.368082e-03,710880379255.41
2026-08-04,752.8880,1.368082e-03,708576316498.92
2026-08-05,775.4940,1.368082e-03,722839967545.74
2026-08-06,777.1115,1.368082e-03,721388507234.00
2026-08-07,762.0627,1.368082e-03,706909057704.94
2026-08-10,786.3385,1.368082e-03,729570887953.50
2026-08-11,790.7744,1.368082e-03,736188658744.77
2026-08-12,784.5041,1.368082e-03,733290897918.41
2026-08-13,753.1492,1.368082e-03,704392107662.18
2026-08-14,729.9347,1.368082e-03,677586281565.45
2026-08-17,707.7179,1.368082e-03,661083790339.20
2026-08-18,735.6133,1.368082e-03,686625242567.22
2026-08-19,738.4935,1.368082e-03,684867845382.43
2026-08-20,724.0662,1.368082e-03,669279526820.50
2026-08-21,732.1065,1.368082e-03,676298082995.16
2026-08-24,677.6333,1.368082e-03,616321678472.59
2026-08-25,692.2380,1.368082e-03,631380595798.38
2026-08-26,666.4984,1.368082e-03,607879801763.71
2026-08-27,671.5508,1.368082e-03,610477084149.86
2026-08-28,667.7520,1.368082e-03,606850989847.32
